[
{"rating": 3, "product_type": "Books", "title": "A Light in the Attic", "price": "£51.77", "tax": "£0.00", "upc": "a897fe39b1053632", "reviews": "0", "stock": "In stock (22 available)"},
{"rating": 2, "product_type": "Books", "title": "It's Only the Himalayas", "price": "£45.17", "tax": "£0.00", "upc": "a22124811bfa8350", "reviews": "0", "stock": "In stock (19 available)"},
{"rating": 2, "product_type": "Books", "title": "Libertarianism for Beginners", "price": "£51.33", "tax": "£0.00", "upc": "a18a4f574854aced", "reviews": "0", "stock": "In stock (19 available)"},
{"rating": 1, "product_type": "Books", "title": "Mesaerion: The Best Science Fiction Stories 1800-1849", "price": "£37.59", "tax": "£0.00", "upc": "e30f54cea9b38190", "reviews": "0", "stock": "In stock (19 available)"},
{"rating": 1, "product_type": "Books", "title": "Olio", "price": "£23.88", "tax": "£0.00", "upc": "feb7cc7701ecf901", "reviews": "0", "stock": "In stock (19 available)"},
{"rating": 3, "product_type": "Books", "title": "Our Band Could Be Your Life: Scenes from the American Indie Underground, 1981-1991", "price": "£57.25", "tax": "£0.00", "upc": "deda3e61b9514b83", "reviews": "0", "stock": "In stock (19 available)"},
{"rating": 5, "product_type": "Books", "title": "Rip it Up and Start Again", "price": "£35.02", "tax": "£0.00", "upc": "a34ba96d4081e6a4", "reviews": "0", "stock": "In stock (19 available)"},
{"rating": 5, "product_type": "Books", "title": "Set Me Free", "price": "£17.46", "tax": "£0.00", "upc": "ce6396b0f23f6ecc", "reviews": "0", "stock": "In stock (19 available)"},
{"rating": 4, "product_type": "Books", "title": "Shakespeare's Sonnets", "price": "£20.66", "tax": "£0.00", "upc": "30a7f60cd76ca58c", "reviews": "0", "stock": "In stock (19 available)"},
{"rating": 5, "product_type": "Books", "title": "1,000 Places to See Before You Die", "price": "£26.08", "tax": "£0.00", "upc": "228ba5e7577e1d49", "reviews": "0", "stock": "In stock (1 available)"},
{"rating": 3, "product_type": "Books", "title": "Neither Here nor There: Travels in Europe", "price": "£38.95", "tax": "£0.00", "upc": "747cf7fca2ccdbd4", "reviews": "0", "stock": "In stock (3 available)"},
{"rating": 1, "product_type": "Books", "title": "The Road to Little Dribbling: Adventures of an American in Britain (Notes From a Small Island #2)", "price": "£23.21", "tax": "£0.00", "upc": "366a236aa1ea6f07", "reviews": "0", "stock": "In stock (3 available)"},
{"rating": 4, "product_type": "Books", "title": "A Year in Provence (Provence #1)", "price": "£56.88", "tax": "£0.00", "upc": "9e60929f521fa280", "reviews": "0", "stock": "In stock (6 available)"},
{"rating": 1, "product_type": "Books", "title": "The Great Railway Bazaar", "price": "£30.54", "tax": "£0.00", "upc": "48736df57e7bec9f", "reviews": "0", "stock": "In stock (6 available)"},
{"rating": 5, "product_type": "Books", "title": "Scott Pilgrim's Precious Little Life (Scott Pilgrim #1)", "price": "£52.29", "tax": "£0.00", "upc": "3b1c02bac2a429e6", "reviews": "0", "stock": "In stock (19 available)"},
{"rating": 2, "product_type": "Books", "title": "A Summer In Europe", "price": "£44.34", "tax": "£0.00", "upc": "cc1936a9f4e93477", "reviews": "0", "stock": "In stock (7 available)"},
{"rating": 3, "product_type": "Books", "title": "Under the Tuscan Sun", "price": "£37.33", "tax": "£0.00", "upc": "a94350ee74deaa07", "reviews": "0", "stock": "In stock (7 available)"},
{"rating": 2, "product_type": "Books", "title": "Starving Hearts (Triangular Trade Trilogy, #1)", "price": "£13.99", "tax": "£0.00", "upc": "0312262ecafa5a40", "reviews": "0", "stock": "In stock (19 available)"},
{"rating": 2, "product_type": "Books", "title": "Vagabonding: An Uncommon Guide to the Art of Long-Term World Travel", "price": "£36.94", "tax": "£0.00", "upc": "1809259a5a5f1d8d", "reviews": "0", "stock": "In stock (8 available)"},
{"rating": 1, "product_type": "Books", "title": "The Long Shadow of Small Ghosts: Murder and Memory in an American City", "price": "£10.97", "tax": "£0.00", "upc": "abeafe151a587d3b", "reviews": "0", "stock": "In stock (15 available)"},
{"rating": 1, "product_type": "Books", "title": "The Grownup", "price": "£35.88", "tax": "£0.00", "upc": "1bba4b1ba23ed2d6", "reviews": "0", "stock": "In stock (8 available)"},
{"rating": 3, "product_type": "Books", "title": "See America: A Celebration of Our National Parks &amp; Treasured Sites", "price": "£48.87", "tax": "£0.00", "upc": "f9705c362f070608", "reviews": "0", "stock": "In stock (14 available)"},
{"rating": 4, "product_type": "Books", "title": "Full Moon over Noah’s Ark: An Odyssey to Mount Ararat and Beyond", "price": "£49.43", "tax": "£0.00", "upc": "ce60436f52c5ee68", "reviews": "0", "stock": "In stock (15 available)"},
{"rating": 5, "product_type": "Books", "title": "Suzie Snowflake: One beautiful flake (a self-esteem story)", "price": "£54.81", "tax": "£0.00", "upc": "0e095ed785af7e43", "reviews": "0", "stock": "In stock (9 available)"},
{"rating": 1, "product_type": "Books", "title": "Equal Is Unfair: America's Misguided Fight Against Income Inequality", "price": "£56.86", "tax": "£0.00", "upc": "3968e3fbf4695d7c", "reviews": "0", "stock": "In stock (12 available)"},
{"rating": 5, "product_type": "Books", "title": "The Four Agreements: A Practical Guide to Personal Freedom", "price": "£17.66", "tax": "£0.00", "upc": "6258a1f6a6dcfe50", "reviews": "0", "stock": "In stock (18 available)"},
{"rating": 1, "product_type": "Books", "title": "We Are All Completely Beside Ourselves", "price": "£24.04", "tax": "£0.00", "upc": "be3db344a845580b", "reviews": "0", "stock": "In stock (3 available)"},
{"rating": 5, "product_type": "Books", "title": "The Art and Science of Low Carbohydrate Living", "price": "£52.98", "tax": "£0.00", "upc": "f9c87ccb2bc4853b", "reviews": "0", "stock": "In stock (9 available)"},
{"rating": 2, "product_type": "Books", "title": "Eat Fat, Get Thin", "price": "£54.07", "tax": "£0.00", "upc": "047dfa57ba0bf638", "reviews": "0", "stock": "In stock (14 available)"},
{"rating": 5, "product_type": "Books", "title": "10-Day Green Smoothie Cleanse: Lose Up to 15 Pounds in 10 Days!", "price": "£49.71", "tax": "£0.00", "upc": "96aa539bfd4c07e2", "reviews": "0", "stock": "In stock (10 available)"},
{"rating": 5, "product_type": "Books", "title": "Dark Notes", "price": "£19.19", "tax": "£0.00", "upc": "88c21fcd38e2486e", "reviews": "0", "stock": "In stock (15 available)"},
{"rating": 4, "product_type": "Books", "title": "Why the Right Went Wrong: Conservatism--From Goldwater to the Tea Party and Beyond", "price": "£52.65", "tax": "£0.00", "upc": "2b5054a4192e9b06", "reviews": "0", "stock": "In stock (14 available)"},
{"rating": 1, "product_type": "Books", "title": "Amid the Chaos", "price": "£36.58", "tax": "£0.00", "upc": "bb8245f52c7cce8f", "reviews": "0", "stock": "In stock (15 available)"},
{"rating": 2, "product_type": "Books", "title": "Unreasonable Hope: Finding Faith in the God Who Brings Purpose to Your Pain", "price": "£46.33", "tax": "£0.00", "upc": "48cb52d78c992487", "reviews": "0", "stock": "In stock (7 available)"},
{"rating": 5, "product_type": "Books", "title": "A New Earth: Awakening to Your Life's Purpose", "price": "£55.65", "tax": "£0.00", "upc": "f6ae39568db1130e", "reviews": "0", "stock": "In stock (4 available)"},
{"rating": 1, "product_type": "Books", "title": "If I Gave You God's Phone Number....: Searching for Spirituality in America", "price": "£20.91", "tax": "£0.00", "upc": "8fab4c4f6f82a4ce", "reviews": "0", "stock": "In stock (9 available)"},
{"rating": 2, "product_type": "Books", "title": "Chasing Heaven: What Dying Taught Me About Living", "price": "£37.80", "tax": "£0.00", "upc": "513271dadc1322ae", "reviews": "0", "stock": "In stock (15 available)"},
{"rating": 5, "product_type": "Books", "title": "The Activist's Tao Te Ching: Ancient Advice for a Modern Revolution", "price": "£32.24", "tax": "£0.00", "upc": "7d6d2a6c0276f81b", "reviews": "0", "stock": "In stock (16 available)"},
{"rating": 2, "product_type": "Books", "title": "Logan Kade (Fallen Crest High #5.5)", "price": "£13.12", "tax": "£0.00", "upc": "7093cf549cd2e7de", "reviews": "0", "stock": "In stock (5 available)"},
{"rating": 1, "product_type": "Books", "title": "When We Collided", "price": "£31.77", "tax": "£0.00", "upc": "3ecb690d1542c568", "reviews": "0", "stock": "In stock (16 available)"},
{"rating": 5, "product_type": "Books", "title": "Someone Like You (The Harrisons #2)", "price": "£52.79", "tax": "£0.00", "upc": "a278db6b2b09cf9f", "reviews": "0", "stock": "In stock (14 available)"}
]